접수일자,수주업체명,세탁수량
2020-01-02,화남정밀,4 
2020-01-02,문스틸,7 
2020-01-02,대경정밀,3 
2020-01-02,개인,12 
2020-01-03,진양테크,8 
2020-01-06,보성기계,2 
2020-01-06,천우테크,10 
2020-01-06,sm테크,16 
2020-01-06,개인,6 
2020-01-06,영케미칼,14 
2020-01-06,한국정밀,15 
2020-01-06,경진테크,28 
2020-01-07,금광테크,37 
2020-01-07,HK금속,18 
2020-01-07,고려산기,33 
2020-01-08,터보링크,6 
2020-01-08,터보링크(경비),1 
2020-01-08,네오텍,12 
2020-01-08,우진정밀,38 
2020-01-08,한경ENG,16 
2020-01-08,자운축산,39 
2020-01-08,흥일기업,51 
2020-01-08,개인,5 
2020-01-09,화남정밀,8 
2020-01-09,정우산업사,35 
2020-01-10,aj테크,21 
2020-01-13,개인,4 
2020-01-13,천우테크,12 
2020-01-13,sm테크,17 
2020-01-13,한국정밀,5 
2020-01-14,금광테크,42 
2020-01-14,고려산기,56 
2020-01-14,HK금속,22 
2020-01-14,준성산업,43 
2020-01-14,문스틸,9 
2020-01-14,삼회산업,36 
2020-01-15,흥일기업,55 
2020-01-15,터보링크,7 
2020-01-15,우진정밀,24 
2020-01-15,대성테크닉스,11 
2020-01-15,네오텍,14 
2020-01-15,자운축산,47 
2020-01-15,개인,4 
2020-01-16,화남정밀,2 
2020-01-16,협성렌탈,2 
2020-01-17,대동중공업,17 
2020-01-20,천우테크,8 
2020-01-20,영케미칼,36 
2020-01-20,i테크,17 
2020-01-20,sm테크,17 
2020-01-20,보성기계,7 
2020-01-20,경진테크,12 
2020-01-20,한국정밀,13 
2020-01-21,고려산기,36 
2020-01-21,HK금속,27 
2020-01-21,문스틸,6 
2020-01-21,금광테크,42 
2020-01-21,개인,12 
2020-01-21,개인,8 
2020-01-22,동우기계,18 
2020-01-22,흥일기업,40 
2020-01-22,자운축산,42 
2020-01-22,네오텍,6 
2020-01-22,우진정밀,18 
2020-01-22,터보링크,18 
2020-01-23,개인,2 
2020-01-23,부경식품,50 
2020-01-23,화남정밀,10 
2020-01-28,금광테크,20 
2020-01-28,천우테크,6 
2020-01-28,SM테크,7 
2020-01-28,HK금속,19 
2020-01-28,진흥기계,14 
2020-01-28,문스틸,3 
2020-01-29,i테크,13 
2020-01-29,개인,6 
2020-01-29,자운축산,12 
2020-01-29,네오텍,12 
2020-01-29,신일정공,8 
2020-01-29,터보링크,4 
2020-01-30,개인,24 
2020-01-30,개인,7 
2020-01-30,개인,7 
2020-01-31,화남정밀(김규빈),3 
2020-01-31,대동중공업,19 
2020-01-31,개인,2 
2020-01-31,신일전기,10 
2020-02-03,경진테크,8 
2020-02-03,영케미칼,28 
2020-02-03,천우테크,8 
2020-02-03,한국정밀,15 
2020-02-03,보성기계,2 
2020-02-03,SM테크,19 
2020-02-03,개인,2 
2020-02-03,개인,2 
2020-02-04,문스틸,8 
2020-02-04,금광테크,48 
2020-02-04,개인,10 
2020-02-04,HK금속,21 
2020-02-04,고려산기,52 
2020-02-04,개인,4 
2020-02-04,우진와이어,40 
2020-02-05,개인,2 
2020-02-05,개인,5 
2020-02-05,대동중공업 박재영,4 
2020-02-05,흥일기업,47 
2020-02-05,개인,14 
2020-02-05,신일정공,10 
2020-02-05,화남정밀,9 
2020-02-05,터보링크,5 
2020-02-05,자운축산,52 
2020-02-05,신광식품,38 
2020-02-05,우진정밀,37 
2020-02-05,네오텍,4 
2020-02-06,신신사,10 
2020-02-10,개인,2 
2020-02-10,천우테크,14 
2020-02-10,sm테크,18 
2020-02-10,보성기계,13 
2020-02-10,한국정밀,14 
2020-02-10,개인,5 
2020-02-11,개인,7 
2020-02-11,금광테크,43 
2020-02-11,문스틸,6 
2020-02-11,i테크,12 
2020-02-11,HK금속,24 
2020-02-11,EDS코리아,59 
2020-02-11,고려산기,45 
2020-02-12,화성기계,2 
2020-02-12,신일정공,12 
2020-02-12,흥일기업,44 
2020-02-12,우진정밀,16 
2020-02-12,자운축산,47 
2020-02-12,네오텍,22 
2020-02-12,이지엔지니어링,9 
2020-02-12,터보링크,9 
2020-02-12,보이텍,6 
2020-02-13,화남정밀,7 
2020-02-14,르노삼성,6 
2020-02-17,SM테크,16 
2020-02-17,보성기계,2 
2020-02-17,천우테크,8 
2020-02-17,개인,14 
2020-02-17,영케미칼,31 
2020-02-17,한국정밀,9 
2020-02-17,경진테크,14 
2020-02-17,정암산업,108 
2020-02-17,우진기어,7 
2020-02-17,우진테크,15 
2020-02-18,문스틸,6 
2020-02-18,개인,4 
2020-02-18,금광테크,35 
2020-02-18,이지엔지니어링,3 
2020-02-18,HK금속,22 
2020-02-18,고려산기,47 
2020-02-19,흥일기업,37 
2020-02-19,화성기계,8 
2020-02-19,신일정공,11 
2020-02-19,자운축산,41 
2020-02-19,터보링크,6 
2020-02-19,해남기공,13 
2020-02-19,대동중공업,19 
2020-02-19,네오텍,25 
2020-02-19,신광식품,15 
2020-02-19,우진정밀,26 
2020-02-20,화남정밀,6 
2020-02-21,우신에어텍,9 
2020-02-21,개인,3 
2020-02-21,개인,3 
2020-02-24,SM테크,19 
2020-02-24,천우테크,13 
2020-02-24,한국정밀,5 
2020-02-24,i테크,11 
2020-02-24,재호테크,32 
2020-02-24,개인,6 
2020-02-25,개인,3 
2020-02-25,문스틸,6 
2020-02-25,금광테크,39 
2020-02-25,개인,1 
2020-02-25,HK금속,24 
2020-02-25,우진기어,6 
2020-02-25,고려산기,41 
2020-02-26,화성기계,9 
2020-02-26,신일정공,11 
2020-02-26,우진정밀,19 
2020-02-26,흥일기업,38 
2020-02-26,터보링크,9 
2020-02-26,신광식품,15 
2020-02-26,자운축산,41 
2020-02-26,개인,17 
2020-02-26,네오텍,8 
2020-02-26,카길애그리퓨리나,84 
2020-02-26,삼보,32 
2020-03-09,정암산업,112 
2020-03-09,한국정밀,9 
2020-03-09,천우테크,21 
2020-03-09,SM테크,17 
2020-03-09,영케미칼,9 
2020-03-09,경진테크,22 
2020-03-09,동우기계,17 
2020-03-09,I테크,25 
2020-03-09,개인,12 
2020-03-09,개인,3 
2020-03-09,개인,23 
2020-03-09,개인,12 
2020-03-09,동산전자,14 
2020-03-09,TSM,24 
2020-03-10,삼보코퍼레이티드,59 
2020-03-10,카길애그리퓨리나,154 
2020-03-10,HK금속,10 
2020-03-10,우진기어,10 
2020-03-10,고려산기,56 
2020-03-10,우진와이어,36 
2020-03-10,금광테크,51 
2020-03-10,개인,10 
2020-03-10,문스틸,7 
2020-03-11,화성기계,1 
2020-03-11,르노삼성,47 
2020-03-11,신일정공,8 
2020-03-11,흥일기업,57 
2020-03-11,터보링크,10 
2020-03-11,재호테크,32 
2020-03-11,우진정밀,46 
2020-03-11,개인,6 
2020-03-11,개인,11 
2020-03-12,화남정밀,12 
2020-03-16,영케미칼,43 
2020-03-16,천우테크,18 
2020-03-16,SM테크,18 
2020-03-16,한국정밀,5 
2020-03-16,정암산업,27 
2020-03-16,개인,5 
2020-03-16,개인,10 
2020-03-16,금강엔지니어링,11 
2020-03-16,기아오토큐 장유점,22 
2020-03-17,고려산기,33 
2020-03-17,문스틸,7 
2020-03-17,금광테크,56 
2020-03-17,삼보코퍼레이티드,29 
2020-03-17,카길애그리퓨리나,86 
2020-03-17,HK금속,17 
2020-03-17,우진기어,6 
2020-03-17,JPS,18 
2020-03-17,TSM,30 
2020-03-17,보성기계,2 
2020-03-18,이안정공,28 
2020-03-18,재호테크,28 
2020-03-18,흥일기업,42 
2020-03-18,기아오토큐 장유점,11 
2020-03-18,터보링크,6 
2020-03-18,우진정밀,21 
2020-03-18,네오텍,8 
2020-03-18,르노삼성,43 
2020-03-18,협성렌탈,1 
2020-03-18,신일정공,11 
2020-03-18,개인,1 
2020-03-18,개인,10 
2020-03-18,개인,4 
2020-03-19,개인,8 
2020-03-19,개인,11 
2020-03-23,한국정밀,9 
2020-03-23,대성테크닉스,6 
2020-03-23,천우테크,13 
2020-03-23,정암산업,97 
2020-03-23,동두산업,12 
2020-03-23,기아오토큐 장유점,17 
2020-03-23,경진테크,19 
2020-03-23,성일테크,9 
2020-03-23,SM테크,24 
2020-03-23,개인,6 
2020-03-23,개인,4 
2020-03-23,개인,2 
2020-03-23,개인,10 
2020-03-23,영케미칼,20 
2020-03-24,우진테크,20 
2020-03-24,우진기어,8 
2020-03-24,고려산기,37 
2020-03-24,HK금속,24 
2020-03-24,보성기계,9 
2020-03-24,문스틸,7 
2020-03-24,금광테크,40 
2020-03-24,삼보코퍼레이티드,31 
2020-03-24,카길애그리퓨리나,81 
2020-03-24,이지엔지니어링,12 
2020-03-24,TSM,24 
2020-03-25,르노삼성,64 
2020-03-25,흥일기업,41 
2020-03-25,신일정공,9 
2020-03-25,이안정공,9 
2020-03-25,우진정밀,18 
2020-03-25,네오텍,23 
2020-03-25,개인,9 
2020-03-25,터보링크,4 
2020-03-25,재호테크,22 
2020-03-25,화남정밀(김동현),1 
2020-03-25,개인,6 
2020-03-26,자운축산,15 
2020-03-26,개인,29 
2020-03-26,개인,4 
2020-03-26,화남정밀,2 
2020-03-30,성일테크,13 
2020-03-30,정암산업,60 
2020-03-30,한국정밀,7 
2020-03-30,천우테크,13 
2020-03-30,SM테크,18 
2020-03-30,보성기계,7 
2020-03-30,AJ테크,20 
2020-03-30,기아오토큐 장유점,20 
2020-03-30,개인,2 
2020-03-30,개인,19 
2020-03-30,개인,5 
2020-03-31,금광테크,31 
2020-03-31,고려산기,32 
2020-03-31,TSM,13 
2020-03-31,HK금속,28 
2020-03-31,재호테크,22 
2020-03-31,우진기어,7 
2020-03-31,문스틸,10 
2020-03-31,개인,7 
2020-03-31,스맥,168 
2020-04-01,흥일기업,29 
2020-04-01,르노삼성,47 
2020-04-01,신일정공,9 
2020-04-01,우진정밀,21 
2020-04-01,i테크,8 
2020-04-01,삼보코퍼레이티드,25 
2020-04-01,카길애그리퓨리나,82 
2020-04-01,자운축산,19 
2020-04-01,개인,2 
2020-04-01,개인,11 
2020-04-02,르노삼성(신동점),101 
2020-04-06,영케미칼,21 
2020-04-06,기아오토큐 장유점,18 
2020-04-06,천우테크,14 
2020-04-06,SM테크,18 
2020-04-06,정암산업,87 
2020-04-06,카길애그리퓨리나,62 
2020-04-06,삼보코퍼레이티드,28 
2020-04-06,개인,2 
2020-04-06,개인,10 
2020-04-07,고려산기,36 
2020-04-07,문스틸,6 
2020-04-07,금광테크,43 
2020-04-07,터보링크,13 
2020-04-07,재호테크,23 
2020-04-07,TSM,29 
2020-04-07,우진기어,7 
2020-04-07,HK금속,22 
2020-04-07,개인,17 
2020-04-07,개인,24 
2020-04-08,자운축산,22 
2020-04-08,네오텍,27 
2020-04-08,이안정공,9 
2020-04-08,우진정밀,20 
2020-04-08,신일정공,14 
2020-04-08,개인,6 
2020-04-08,르노삼성,50 
2020-04-08,흥일기업,25 
2020-04-09,개인,5 
2020-04-13,하나테크,46 
2020-04-13,삼보코퍼레이티드,40 
2020-04-13,카길애그리퓨리나,83 
2020-04-13,동보테크,30 
2020-04-13,기아오토큐 장유점,20 
2020-04-13,경진테크,33 
2020-04-13,성일테크,24 
2020-04-13,정암산업,44 
2020-04-13,한국정밀,4 
2020-04-13,천우테크,15 
2020-04-13,SM테크,21 
2020-04-13,보성기계,2 
2020-04-13,영케미칼,14 
2020-04-13,개인,4 
2020-04-13,개인,5 
2020-04-13,개인,2 
2020-04-13,개인,14 
2020-04-13,개인,3 
2020-04-14,TSM,29 
2020-04-14,우진기어,4 
2020-04-14,재호테크,29 
2020-04-14,금광테크,35 
2020-04-14,우진정밀,17 
2020-04-14,고려산기,23 
2020-04-14,흥일기업,40 
2020-04-14,화성기계,7 
2020-04-14,르노삼성,36 
2020-04-14,HK금속,27 
2020-04-14,문스틸,5 
2020-04-14,자운축산,10 
2020-04-14,개인,38 
2020-04-14,개인,3 
2020-04-16,개인,6 
2020-04-20,화남정밀,20 
2020-04-20,카길애그리퓨리나,83 
2020-04-20,삼보코퍼레이티드,34 
2020-04-20,기아오토큐 장유점,13 
2020-04-20,동우기계,25 
2020-04-20,정암산업,39 
2020-04-20,SM테크,14 
2020-04-20,천우테크,11 
2020-04-20,한국정밀,4 
2020-04-20,개인,8 
2020-04-20,개인,15 
2020-04-20,개인,2 
2020-04-20,개인,16 
2020-04-21,HK금속,21 
2020-04-21,재호테크,25 
2020-04-21,TSM,31 
2020-04-21,우진기어,6 
2020-04-21,고려산기,25 
2020-04-21,문스틸,8 
2020-04-21,금광테크,55 
2020-04-21,개인,10 
2020-04-22,자운축산,28 
2020-04-22,이지엔지니어링,9 
2020-04-22,우진정밀,31 
2020-04-22,네오텍,14 
2020-04-22,터보링크,16 
2020-04-22,르노삼성,56 
2020-04-22,신일정공,6 
2020-04-22,흥일기업,37 
2020-04-27,카길애그리퓨리나,84 
2020-04-27,삼보코퍼레이티드,43 
2020-04-27,한경 ENG,32 
2020-04-27,성일테크,24 
2020-04-27,경진테크,14 
2020-04-27,정암산업,80 
2020-04-27,기아오토큐 장유점,14 
2020-04-27,SM테크,16 
2020-04-27,천우테크,15 
2020-04-27,영케미칼,34 
2020-04-27,개인,2 
2020-04-27,개인,8 
2020-04-27,개인,12 
2020-04-28,HK금속,28 
2020-04-28,재호테크,14 
2020-04-28,TSM,17 
2020-04-28,우진기어,8 
2020-04-28,고려산기,68 
2020-04-28,문스틸,13 
2020-04-28,금광테크,45 
2020-04-28,르노삼성,36 
2020-04-28,개인,5 
2020-04-28,개인,7 
2020-04-29,우진정밀,15 
2020-04-29,흥일기업,30 
2020-04-29,자운축산,21 
2020-04-29,네오텍,18 
2020-04-29,개인,15 
2020-04-29,개인,11 
2020-04-29,영일기계,16 
2020-04-29,개인,2 
2020-05-04,개인,2 
2020-05-04,개인,31 
2020-05-06,개인,10 
2020-05-06,개인,11 
2020-05-06,개인,6 
2020-05-06,개인,11 
2020-05-06,개인,2 
2020-05-06,개인,1 
2020-05-06,삼보코퍼레이티드,48 
2020-05-06,카길애그리퓨리나,81 
2020-05-06,하나테크1공장,88 
2020-05-06,하나테크2공장,12 
2020-05-06,기아오토큐 장유점,18 
2020-05-06,청해,31 
2020-05-06,신일정공,14 
2020-05-06,르노삼성,47 
2020-05-07,네오텍,11 
2020-05-07,HK금속,39 
2020-05-07,개인,6 
2020-05-07,개인,27 
2020-05-07,개인,6 
2020-05-07,개인,10 
2020-05-07,개인,6 
2020-05-07,개인,1 
2020-05-07,개인,9 
2020-05-08,금광테크,49 
2020-05-08,EDS코리아,35 
2020-05-08,개인,16 
2020-05-08,개인,16 
2020-05-08,개인,3 
2020-05-08,개인,3 
2020-05-08,개인,3 
2020-05-11,한국정밀,7 
2020-05-11,정암산업,78 
2020-05-11,영케미칼,32 
2020-05-11,천우테크,21 
2020-05-11,성일테크,18 
2020-05-11,삼보코퍼레이티드,44 
2020-05-11,카길애그리퓨리나,60 
2020-05-11,SM테크,13 
2020-05-11,하나테크1공장,58 
2020-05-11,하나테크2공장,12 
2020-05-11,개인,7 
2020-05-11,개인,4 
2020-05-12,우진기어,7 
2020-05-12,재호테크,59 
2020-05-12,tsm,22 
2020-05-12,금광테크,30 
2020-05-12,문스틸,16 
2020-05-12,HK금속,16 
2020-05-12,고려산기,44 
2020-05-13,우진정밀,41 
2020-05-13,하나테크1공장,16 
2020-05-13,터보링크,23 
2020-05-13,신일정공,7 
2020-05-13,르노삼성,60 
2020-05-13,흥일기업,46 
2020-05-13,개인,3 
2020-05-13,개인,2 
2020-05-13,BTX,49 
2020-05-14,AJ테크,28 
2020-05-14,개인,11 
2020-05-14,개인,6 
2020-05-15,개인,3 
2020-05-15,개인,7 
2020-05-18,정암산업,66 
2020-05-18,경진테크,11 
2020-05-18,성일테크,10 
2020-05-18,SM테크,7 
2020-05-18,기아오토큐 장유점,25 
2020-05-18,하나테크1공장,68 
2020-05-18,하나테크2공장,14 
2020-05-18,천우테크,12 
2020-05-18,개인,3 
2020-05-18,삼보코퍼레이티드,46 
2020-05-18,카길애그리퓨리나,71 
2020-05-19,삼회산업,40 
2020-05-19,우진기어,6 
2020-05-19,재호테크,18 
2020-05-19,고려산기,40 
2020-05-19,HK금속,28 
2020-05-19,문스틸,6 
2020-05-19,금광테크,46 
2020-05-19,개인,13 
2020-05-20,흥일기업,46 
2020-05-20,르노삼성,52 
2020-05-20,신일정공,6 
2020-05-20,하나테크1공장,26 
2020-05-20,하나테크2공장,4 
2020-05-20,우진정밀,29 
2020-05-20,화남정밀,14 
2020-05-20,네오텍,17 
2020-05-20,자운축산,33 
2020-05-21,개인,4 
2020-05-21,개인,2 
2020-05-21,개인,4 
2020-05-21,개인,14 
2020-05-22,김해시청 산림과,450 
2020-05-22,개인,8 
2020-05-25,정암산업,69 
2020-05-25,카길애그리퓨리나,70 
2020-05-25,삼보코퍼레이티드,41 
2020-05-25,영케미칼,23 
2020-05-25,기아오토큐 장유점,14 
2020-05-25,하나테크2공장,11 
2020-05-25,하나테크1공장,57 
2020-05-25,SM테크,6 
2020-05-25,천우테크,14 
2020-05-25,개인,5 
2020-05-26,HK금속,25 
2020-05-26,재호테크,13 
2020-05-26,우진기어,5 
2020-05-26,고려산기,25 
2020-05-26,문스틸,4 
2020-05-26,금광테크,43 
2020-05-26,개인,2 
2020-05-26,개인,13 
2020-05-26,개인,2 
2020-05-27,흥일기업,41 
2020-05-27,르노삼성,52 
2020-05-27,신일정공,6 
2020-05-27,하나테크1공장,22 
2020-05-27,하나테크2공장,4 
2020-05-27,우진정밀,23 
2020-05-27,대성테크닉스,12 
2020-05-27,네오텍,20 
2020-05-27,자운축산,20 
2020-05-27,터보링크,11 
2020-05-28,화남정밀(강명국),10 
2020-05-28,개인,4 
2020-05-29,개인,7 
2020-05-29,진영우체국,48 
2020-06-01,정암산업,44 
2020-06-01,카길애그리퓨리나,65 
2020-06-01,삼보코퍼레이티드,44 
2020-06-01,하나테크제1공장,57 
2020-06-01,하나테크제2공장,17 
2020-06-01,성일테크,15 
2020-06-01,기아오토큐,21 
2020-06-01,보성기계,11 
2020-06-01,천우테크,16 
2020-06-01,개인,14 
2020-06-01,SM테크,9 
2020-06-02,고려산기,24 
2020-06-02,HK금속,36 
2020-06-02,우진기어,4 
2020-06-02,문스틸,7 
2020-06-02,금광테크,41 
2020-06-02,개인,3 
2020-06-02,개인,15 
2020-06-03,AJ테크,24 
2020-06-03,TSM,21 
2020-06-03,우진정밀,22 
2020-06-03,하나테크제2공장,3 
2020-06-03,하나테크제1공장,21 
2020-06-03,자운축산,21 
2020-06-03,신일정공,5 
2020-06-03,르노삼성,53 
2020-06-03,흥일기업,42 
2020-06-03,개인,4 
2020-06-03,개인,2 
2020-06-03,개인,2 
2020-06-04,개인,11 
2020-06-04,개인,8 
2020-06-04,두민욱,2 
2020-06-04,개인,3 
2020-06-04,개인,3 
2020-06-05,김해자동차정비,14 
2020-06-08,경진테크,11 
2020-06-08,신광식품,12 
2020-06-08,정암산업,81 
2020-06-08,삼보코퍼레이티드,47 
2020-06-08,카길애그리퓨리나,77 
2020-06-08,하나테크제2공장,15 
2020-06-08,하나테크제1공장,53 
2020-06-08,천우테크,9 
2020-06-08,SM테크,11 
2020-06-08,기아오토큐,21 
2020-06-08,영케미칼,25 
2020-06-08,동우기계,26 
2020-06-08,개인,10 
2020-06-08,개인,4 
2020-06-08,개인,2 
2020-06-08,개인,4 
2020-06-09,고려산기,42 
2020-06-09,재호테크,25 
2020-06-09,김해자동차정비,8 
2020-06-09,HK금속,30 
2020-06-09,우진기어,5 
2020-06-09,문스틸,6 
2020-06-09,금광테크,54 
2020-06-10,우진정밀,46 
2020-06-10,하나테크제1공장,18 
2020-06-10,하나테크제2공장,2 
2020-06-10,터보링크,9 
2020-06-10,자운축산,25 
2020-06-10,신일정공,8 
2020-06-10,르노삼성,70 
2020-06-10,흥일기업,39 
2020-06-10,개인,3 
2020-06-10,개인,3 
2020-06-10,개인,1 
2020-06-10,개인,8 
2020-06-11,개인,6 
2020-06-11,화남정밀,11 
2020-06-11,네오텍,31 
2020-06-12, 진흥기계,7 
2020-06-12,개인,4 
2020-06-12,개인,7 
2020-06-15,카길애그리퓨리나,69 
2020-06-15,삼보코퍼레이티드,37 
2020-06-15,성일테크,18 
2020-06-15,정암산업,72 
2020-06-15,하나테크제1공장,53 
2020-06-15,하나테크제2공장,14 
2020-06-15,기아오토큐,26 
2020-06-15,SM테크,9 
2020-06-15,개인,14 
2020-06-15,천우테크,14 
2020-06-16,아이테크,18 
2020-06-16,HK금속,29 
2020-06-16,고려산기,51 
2020-06-16,김해자동차정비,20 
2020-06-16,문스틸,8 
2020-06-16,개인,13 
2020-06-16,금광테크,47 
2020-06-17,네오텍,25 
2020-06-17,자운축산,18 
2020-06-17,하나테크제1공장,21 
2020-06-17,하나테크제2공장,1 
2020-06-17,르노삼성,76 
2020-06-17,신일정공,9 
2020-06-17,흥일기업,50 
2020-06-17,기아오토큐,8 
2020-06-17,김해자동차정비,4 
2020-06-17,우진정밀,31 
2020-06-18,신광식품,19 
2020-06-18,개인,13 
2020-06-18,개인,11 
2020-06-18,개인,13 
2020-06-19,우진와이어,31 
2020-06-19,개인,6 
2020-06-19,르노삼성,24 
2020-06-22,카길애그리퓨리나,89 
2020-06-22,삼보코퍼레이티드,42 
2020-06-22,정암산업,70 
2020-06-22,하나테크제1공장,37 
2020-06-22,하나테크제2공장,18 
2020-06-22,sm테크,8 
2020-06-22,영케미칼,14 
2020-06-22,기아오토큐,23 
2020-06-22,화남정밀,2 
2020-06-22,천우테크,11 
2020-06-23,고려산기,46 
2020-06-23,우진기어,9 
2020-06-23,HK금속,30 
2020-06-23,BTX,24 
2020-06-23,재호테크,26 
2020-06-23,김해자동차정비,23 
2020-06-23,문스틸,7 
2020-06-23,개인,2 
2020-06-23,금광테크,37 
2020-06-24,신광식품,15 
2020-06-24,우진정밀,26 
2020-06-24,아이테크,28 
2020-06-24,네오텍,10 
2020-06-24,자운축산,28 
2020-06-24,터보링크,5 
2020-06-24,하나테크제1공장,22 
2020-06-24,하나테크제2공장,2 
2020-06-24,기아오토큐,11 
2020-06-24,신일정공,6 
2020-06-24,르노삼성,51 
2020-06-24,흥일기업,42 
2020-06-24,개인,5 
2020-06-25,화남정밀,9 
2020-06-25,개인,23 
2020-06-25,개인,2 
2020-06-25,개인,4 
2020-06-26,개인,3 
2020-06-26,김해자동차정비,12 
2020-06-26,르노삼성,33 
2020-06-29,정암산업,80 
2020-06-29,삼보코퍼레이티드,54 
2020-06-29,카길애그리퓨리나,81 
2020-06-29,경진테크,11 
2020-06-29,하나테크제1공장,14 
2020-06-29,하나테크제2공장,63 
2020-06-29,천우테크,14 
2020-06-29,SM테크,9 
2020-06-29,기아오토큐,22 
2020-06-29,개인,8 
2020-06-29,개인,21 
2020-06-30,AJ테크,15 
2020-06-30,고려산기,37 
2020-06-30,HK금속,31 
2020-06-30,김해자동차정비,13 
2020-06-30,문스틸,6 
2020-06-30,금광테크,43 
2020-07-01,네오텍,17 
2020-07-01,우진정밀,26 
2020-07-01,신광식품,12 
2020-07-01,자운축산,33 
2020-07-01,하나테크제1공장,26 
2020-07-01,하나테크제2공장,4 
2020-07-01,기아오토큐,10 
2020-07-01,신일정공,13 
2020-07-01,르노삼성,43 
2020-07-01,흥일기업,46 
2020-07-01,개인,4 
2020-07-02,개인,2 
2020-07-02,개인,13 
2020-07-03,개인,2 
2020-07-06,삼보코퍼레이티드,56 
2020-07-06,카길애그리퓨리나,87 
2020-07-06,정암산업,59 
2020-07-06,sm테크,11 
2020-07-06,하나테크제1공장,49 
2020-07-06,하나테크제2공장,14 
2020-07-06,기아오토큐,22 
2020-07-06,김해자동차정비,21 
2020-07-06,천우테크,10 
2020-07-06,개인,18 
2020-07-06,개인,9 
2020-07-06,개인,17 
2020-07-06,개인,13 
2020-07-07,HK금속,36 
2020-07-07,재호테크,29 
2020-07-07,우진테크,24 
2020-07-07,고려산기,29 
2020-07-07,문스틸,6 
2020-07-07,금광테크,50 
2020-07-07,동우기계,24 
2020-07-07,하이록단조,52 
2020-07-07,개인,2 
2020-07-08,우진와이어,39 
2020-07-08,네오텍,17 
2020-07-08,아이테크,13 
2020-07-08,우진정밀,26 
2020-07-08,신광식품,16 
2020-07-08,자운축산,19 
2020-07-08,하나테크제1공장,31 
2020-07-08,하나테크제2공장,6 
2020-07-08,기아오토큐,14 
2020-07-08,신일정공,9 
2020-07-08,르노삼성,62 
2020-07-08,흥일기업,40 
2020-07-08,개인,2 
2020-07-08,개인,3 
2020-07-09,김해자동차정비,12 
2020-07-09,화남정밀,15 
2020-07-10,개인,1 
2020-07-13,경진테크,10 
2020-07-13,성일테크,24 
2020-07-13,아이테크,29 
2020-07-13,카길애그리퓨리나,82 
2020-07-13,삼보코퍼레이티드,57 
2020-07-13,정암산업,87 
2020-07-13,sm테크,14 
2020-07-13,하나테크제1공장,53 
2020-07-13,하나테크제2공장,10 
2020-07-13,기아오토큐,28 
2020-07-13,김해자동차정비,12 
2020-07-13,개인,9 
2020-07-13,천우테크,12 
2020-07-14,HK금속,34 
2020-07-14,고려산기,40 
2020-07-14,우진기어,8 
2020-07-14,문스틸,6 
2020-07-14,금광테크,55 
2020-07-14,개인,14 
2020-07-14,개인,8 
2020-07-14,개인,4 
2020-07-15,네오텍,24 
2020-07-15,우진정밀,31 
2020-07-15,신광식품,14 
2020-07-15,자운축산,24 
2020-07-15,보성기계,11 
2020-07-15,하나테크제1공장,25 
2020-07-15,하나테크제2공장,3 
2020-07-15,기아오토큐,8 
2020-07-15,신일정공,9 
2020-07-15,르노삼성,54 
2020-07-15,흥일기업,43 
2020-07-15,개인,2 
2020-07-16,김해자동차정비,12 
2020-07-17,르노삼성,17 
2020-07-17,개인,8 
2020-07-20,김해자동차정비,17 
2020-07-20,기아오토큐,26 
2020-07-20,천우테크,11 
2020-07-20,sm테크,11 
2020-07-20,하나테크제1공장,54 
2020-07-20,하나테크제2공장,15 
2020-07-20,경진테크,16 
2020-07-20,정암산업,107 
2020-07-20,삼보코퍼레이티드,66 
2020-07-20,카길애그리퓨리나,77 
2020-07-20,개인,10 
2020-07-20,개인,4 
2020-07-20,개인,5 
2020-07-20,개인,4 
2020-07-21,우진정밀,25 
2020-07-21,고려산기,35 
2020-07-21,문스틸,6 
2020-07-21,금광테크,50 
2020-07-21,한발메스테크,31 
2020-07-21,HK금속,40 
2020-07-21,하이록단조,30 
2020-07-21,신일전기,7 
2020-07-21,재호테크,42 
2020-07-22,네오텍,29 
2020-07-22,신광식품,8 
2020-07-22,자운축산,23 
2020-07-22,하나테크제1공장,24 
2020-07-22,하나테크제2공장,6 
2020-07-22,기아오토큐,10 
2020-07-22,신일정공,9 
2020-07-22,르노삼성,64 
2020-07-22,흥일기업,46 
2020-07-22,터보링크,7 
2020-07-23,화남정밀,16 
2020-07-23,개인,3 
2020-07-24,김해자동차정비,20 
2020-07-24,개인,5 
2020-07-24,개인,1 
2020-07-27,삼보코퍼레이티드,78 
2020-07-27,카길애그리퓨리나,83 
2020-07-27,정암산업,99 
2020-07-27,경진테크,12 
2020-07-27,AJ테크,13 
2020-07-27,하나테크제1공장,55 
2020-07-27,하나테크제2공장,12 
2020-07-27,김해자동차정비,28 
2020-07-27,기아오토큐,20 
2020-07-27,sm테크,10 
2020-07-27,천우테크,13 
2020-07-27,자운축산,29 
2020-07-27,개인,4 
2020-07-28,우진정밀,22 
2020-07-28,고려산기,39 
2020-07-28,재호테크,14 
2020-07-28,HK금속,36 
2020-07-28,문스틸,6 
2020-07-28,금광테크,49 
2020-07-28,개인,7 
2020-07-29,기아오토큐,10 
2020-07-29,흥일기업,43 
2020-07-29,르노삼성,69 
2020-07-29,하나테크제1공장,20 
2020-07-29,하나테크제2공장,3 
2020-07-29,네오텍,13 
2020-07-29,개인,4 
2020-07-29,개인,2 
2020-07-30,우진와이어,45 
2020-07-30,개인,4 
2020-07-31,개인,4 
2020-08-03,신광식품,10 
2020-08-03,화담알엔알,21 
2020-08-03,김해자동차정비,27 
2020-08-03,기아오토큐,26 
2020-08-03,천우테크,6 
2020-08-03,카길애그리퓨리나,81 
2020-08-03,삼보코퍼레이티드,69 
2020-08-04,개인,13 
2020-08-04,재호테크,23 
2020-08-04,하이록단조,17 
2020-08-05,혹스,61 
2020-08-05,네오텍,29 
2020-08-05,르노삼성,84 
2020-08-05,신일정공,12 
2020-08-05,기아오토큐,12 
2020-08-05,개인,27 
2020-08-05,개인,2 
2020-08-06,자운축산,41 
2020-08-06,금광테크,60 
2020-08-06,화남정밀,21 
2020-08-06,하나테크제1공장,53 
2020-08-06,하나테크제2공장,11 
2020-08-07,개인,9 
2020-08-07,개인,7 
2020-08-10,정암산업,119 
2020-08-10,삼보코퍼레이티드,65 
2020-08-10,카길애그리퓨리나,89 
2020-08-10,신광식품,9 
2020-08-10,경진테크,20 
2020-08-10,기아오토큐,26 
2020-08-10,하나테크제1공장,33 
2020-08-10,하나테크제2공장,8 
2020-08-10,김해자동차정비,25 
2020-08-10,천우테크,12 
2020-08-10,SM테크,15 
2020-08-10,동우기계,25 
2020-08-10,개인,5 
2020-08-11,고려산기,44 
2020-08-11,우진정밀,37 
2020-08-11,HK금속,52 
2020-08-11,재호테크,25 
2020-08-11,문스틸,2 
2020-08-11,금광테크,49 
2020-08-11,개인,3 
2020-08-12,네오텍,25 
2020-08-12,아이테크,13 
2020-08-12,기아오토큐,10 
2020-08-12,자운축산,27 
2020-08-12,하나테크제1공장,26 
2020-08-12,하나테크제2공장,4 
2020-08-12,르노삼성,98 
2020-08-12,신일정공,9 
2020-08-12,흥일기업,44 
2020-08-12,개인,3 
2020-08-12,개인,4 
2020-08-12,개인,9 
2020-08-13,개인,6 
2020-08-13,개인,2 
2020-08-14,나우이엔에스,30 
2020-08-14,카길애그리퓨리나,44 
2020-08-14,삼보코퍼레이티드,46 
2020-08-14,하나테크제1공장,22 
2020-08-14,하나테크제2공장,7 
2020-08-14,정암산업,39 
2020-08-14,개인,10 
2020-08-18,김해자동차정비,28 
2020-08-18,HK금속,43 
2020-08-18,재호테크,23 
2020-08-18,하이록단조,40 
2020-08-18,SM테크,13 
2020-08-18,정암산업,98 
2020-08-18,고려산기,35 
2020-08-18,우진정밀,39 
2020-08-18,문스틸,6 
2020-08-18,금광테크,62 
2020-08-18,개인,3 
2020-08-18,개인,9 
2020-08-19,삼보코퍼레이티드,33 
2020-08-19,카길애그리퓨리나,50 
2020-08-19,네오텍,26 
2020-08-19,흥일기업,46 
2020-08-19,자운축산,25 
2020-08-19,하나테크제1공장,57 
2020-08-19,하나테크제2공장,13 
2020-08-19,르노삼성,104 
2020-08-19,신일정공,9 
2020-08-19,개인,8 
2020-08-20,천우테크,20 
2020-08-20,화남정밀,18 
2020-08-20,개인,4 
2020-08-21,개인,9 
2020-08-21,개인,14 
2020-08-21,개인,48 
2020-08-24,카길애그리퓨리나,62 
2020-08-24,삼보코퍼레이티드,68 
2020-08-24,경진테크,20 
2020-08-24,정암산업,118 
2020-08-24,하나테크제1공장,41 
2020-08-24,하나테크제2공장,9 
2020-08-24,김해자동차정비,19 
2020-08-24,신광식품,10 
2020-08-24,기아오토큐,34 
2020-08-24,SM테크,11 
2020-08-24,천우테크,12 
2020-08-24,개인,4 
2020-08-24,개인,4 
2020-08-25,고려산기,32 
2020-08-25,우진정밀,42 
2020-08-25,HK금속,48 
2020-08-25,재호테크,40 
2020-08-25,문스틸,6 
2020-08-25,금광테크,71 
2020-08-25,개인,8 
2020-08-26,가람비엔에프,23 
2020-08-26,기아오토큐,6 
2020-08-26,하나테크제1공장,21 
2020-08-26,하나테크제2공장,5 
2020-08-26,자운축산,29 
2020-08-26,네오텍,11 
2020-08-26,신일정공,12 
2020-08-26,르노삼성,91 
2020-08-26,흥일기업,44 
2020-08-26,개인,2 
2020-08-27,화남정밀,9 
2020-08-27,개인,8 
2020-08-28,개인,20 
2020-08-28,개인,14 
2020-08-31,경진테크,10 
2020-08-31,정암산업,126 
2020-08-31,하나테크제1공장,51 
2020-08-31,하나테크제2공장,11 
2020-08-31,기아오토큐,24 
2020-08-31,SM테크,14 
2020-08-31,김해자동차정비,27 
2020-08-31,천우테크,14 
2020-08-31,개인,2 
2020-08-31,카길애그리퓨리나,92 
2020-08-31,삼보코퍼레이티드,88 
2020-09-01,문스틸,6 
2020-09-01,hk금속,33 
2020-09-01,고려산기,46 
2020-09-01,금광테크,80 
2020-09-01,재호테크,12 
2020-09-01,우진정밀,31 
2020-09-01,개인,2 
2020-09-02,자운축산,31 
2020-09-02,우진테크,29 
2020-09-02,르노삼성,90 
2020-09-02,흥일기업,46 
2020-09-02,하나테크제1공장,15 
2020-09-02,하나테크제2공장,3 
2020-09-02,기아오토큐,10 
2020-09-02,네오텍,25 
2020-09-02,신일정공,7 
2020-09-02,개인,5 
2020-09-03,개인,8 
2020-09-03,개인,7 
2020-09-07,삼보코퍼레이티드,85 
2020-09-07,카길애그리퓨리나,79 
2020-09-07,경진테크,28 
2020-09-07,재호테크,33 
2020-09-07,천우테크,14 
2020-09-07,sm테크,15 
2020-09-07,김해자동차정비,23 
2020-09-07,하나테크제1공장,45 
2020-09-07,하나테크제2공장,18 
2020-09-07,기아오토큐,26 
2020-09-07,정암산업,133 
2020-09-07,개인,4 
2020-09-07,개인,2 
2020-09-08,문스틸,6 
2020-09-08,금광테크,62 
2020-09-08,hk금속,44 
2020-09-08,터보링크,8 
2020-09-08,우진정밀,28 
2020-09-08,고려산기,33 
2020-09-08,개인,12 
2020-09-09,신일정공,10 
2020-09-09,기아오토큐,6 
2020-09-09,네오텍,18 
2020-09-09,화남정밀,18 
2020-09-09,자운축산,31 
2020-09-09,흥일기업,35 
2020-09-09,하나테크제1공장,22 
2020-09-09,하나테크제2공장,2 
2020-09-09,르노삼성,76 
2020-09-09,개인,2 
2020-09-09,개인,3 
2020-09-10,개인,27 
2020-09-11,개인,16 
2020-09-14,삼보코퍼레이티드,79 
2020-09-14,카길애그리퓨리나,91 
2020-09-14,기아오토큐,20 
2020-09-14,경진테크,10 
2020-09-14,정암산업,132 
2020-09-14,성일테크,21 
2020-09-14,하나테크제1공장,46 
2020-09-14,하나테크제2공장,7 
2020-09-14,김해자동차정비,25 
2020-09-14,sm테크,16 
2020-09-14,천우테크,14 
2020-09-14,개인,8 
2020-09-14,개인,8 
2020-09-14,개인,49 
2020-09-14,개인,4 
2020-09-15,우진정밀,43 
2020-09-15,고려산기,32 
2020-09-15,재호테크,33 
2020-09-15,hk금속,41 
2020-09-15,문스틸,6 
2020-09-15,금광테크,63 
2020-09-15,개인,2 
2020-09-15,개인,7 
2020-09-16,자운축산,37 
2020-09-16,하이록단조,39 
2020-09-16,하나테크제1공장,23 
2020-09-16,하나테크제2공장,4 
2020-09-16,네오텍,24 
2020-09-16,신일정공,8 
2020-09-16,르노삼성,68 
2020-09-16,흥일기업,47 
2020-09-16,개인,7 
2020-09-17,개인,2 
2020-09-17,개인,11 
2020-09-21,경진테크,9 
2020-09-21,삼보코퍼레이티드,77 
2020-09-21,카길애그리퓨리나,76 
2020-09-21,정암산업,152 
2020-09-21,하나테크제1공장,52 
2020-09-21,하나테크제2공장,13 
2020-09-21,김해자동차정비,23 
2020-09-21,sm테크,18 
2020-09-21,천우테크,11 
2020-09-21,개인,14 
2020-09-21,개인,3 
2020-09-22,고려산기,22 
2020-09-22,우진정밀,33 
2020-09-22,hk금속,40 
2020-09-22,재호테크,16 
2020-09-22,금광테크,53 
2020-09-23,기아오토큐,20 
2020-09-23,하나테크제1공장,23 
2020-09-23,자운축산,35 
2020-09-23,화남정밀,13 
2020-09-23,네오텍,17 
2020-09-23,흥일기업,54 
2020-09-23,르노삼성,60 
2020-09-23,신일정공,11 
2020-09-24,개인,4 
2020-09-24,개인,4 
2020-09-25,개인,10 
2020-09-28,삼보코퍼레이티드,74 
2020-09-28,카길애그리퓨리나,77 
2020-09-28,정암산업,120 
2020-09-28,기아오토큐,14 
2020-09-28,하나테크제1공장,45 
2020-09-28,하나테크제2공장,11 
2020-09-28,sm테크,20 
2020-09-28,김해자동차정비,17 
2020-09-28,천우테크,12 
2020-09-28,개인,2 
2020-09-28,개인,4 
2020-09-29,hk금속,21 
2020-09-29,재호테크,20 
2020-09-29,금광테크,49 
2020-10-05,하나테크제1공장,27 
2020-10-05,카길애그리퓨리나,53 
2020-10-05,삼보코퍼레이티드,52 
2020-10-05,정암산업,96 
2020-10-05,sm테크,5 
2020-10-05,김해자동차정비,14 
2020-10-05,천우테크,11 
2020-10-05,개인,1 
2020-10-06,고려산기,25 
2020-10-06,금광테크,26 
2020-10-06,HK금속,16 
2020-10-06,우진정밀,43 
2020-10-06,우진와이어,38 
2020-10-06,개인,8 
2020-10-06,개인,3 
2020-10-07,신일정공,9 
2020-10-07,르노삼성,77 
2020-10-07,흥일기업,37 
2020-10-07,자운축산,34 
2020-10-07,하나테크제1공장,20 
2020-10-07,하나테크제2공장,12 
2020-10-07,기아오토큐,16 
2020-10-07,네오텍,13 
2020-10-07,개인,58 
2020-10-07,개인,6 
2020-10-08,개인,2 
2020-10-12,카길애그리퓨리나,71 
2020-10-12,삼보코퍼레이티드,59 
2020-10-12,정암산업,128 
2020-10-12,하나테크제1공장,38 
2020-10-12,하나테크제2공장,9 
2020-10-12,sm테크,16 
2020-10-12,김해자동차정비,27 
2020-10-12,천우테크,9 
2020-10-12,개인,14 
2020-10-12,개인,2 
2020-10-13,고려산기,31 
2020-10-13,우진정밀,27 
2020-10-13,재호테크,16 
2020-10-13,경진테크,17 
2020-10-13,hk금속,30 
2020-10-13,다현테크,10 
2020-10-13,문스틸,4 
2020-10-13,금광테크,49 
2020-10-14,화남정밀,16 
2020-10-14,자운축산,30 
2020-10-14,신일정공,6 
2020-10-14,기아오토큐,22 
2020-10-14,하나테크제1공장,23 
2020-10-14,르노삼성,49 
2020-10-14,네오텍,33 
2020-10-14,흥일기업,33 
2020-10-14,개인,2 
2020-10-15,,
2020-10-16,개인,14 
2020-10-16,동우기계,33 
2020-10-19,카길애그리퓨리나,82 
2020-10-19,삼보코퍼레이티드,61 
2020-10-19,정암산업,112 
2020-10-19,하나테크제1공장,51 
2020-10-19,하나테크제2공장,12 
2020-10-19,기아오토큐,14 
2020-10-19,김해자동차정비,24 
2020-10-19,sm테크,13 
2020-10-19,천우테크,15 
2020-10-19,개인,27 
2020-10-19,개인,4 
2020-10-19,개인,2 
2020-10-20,고려산기,33 
2020-10-20,우진정밀,47 
2020-10-20,HK금속,34 
2020-10-20,재호테크,14 
2020-10-20,경진테크,35 
2020-10-20,문스틸,3 
2020-10-20,금광테크,48 
2020-10-21,네오텍,10 
2020-10-21,하나테크제1공장,25 
2020-10-21,하나테크제2공장,3 
2020-10-21,자운축산,31 
2020-10-21,신일정공,10 
2020-10-21,르노삼성,57 
2020-10-21,흥일기업,46 
2020-10-21,개인,5 
2020-10-21,개인,10 
2020-10-22,tops,44 
2020-10-23,개인,4 
2020-10-23,개인,7 
2020-10-23,개인,8 
2020-10-26,삼보코퍼레이티드,68 
2020-10-26,카길애그리퓨리나,70 
2020-10-26,정암산업,108 
2020-10-26,하나테크제1공장,58 
2020-10-26,하나테크제2공장,8 
2020-10-26,김해자동차정비,25 
2020-10-26,기아오토큐,18 
2020-10-26,sm테크,11 
2020-10-26,천우테크,18 
2020-10-26,개인,4 
2020-10-26,개인,4 
2020-10-26,개인,6 
2020-10-27,우진정밀,40 
2020-10-27,고려산기,29 
2020-10-27,우진기어,8 
2020-10-27,hk금속,30 
2020-10-27,재호테크,30 
2020-10-27,금광테크,45 
2020-10-28,하나테크제1공장,18 
2020-10-28,하나테크제2공장,4 
2020-10-28,화남정밀,10 
2020-10-28,자운축산,35 
2020-10-28,한국실린더테크,19 
2020-10-28,네오텍,24 
2020-10-28,흥일기업,31 
2020-10-28,신일정공,7 
2020-10-28,르노삼성,63 
2020-10-29,우진와이어,41 
2020-10-29,개인,2 
2020-11-02,삼보코퍼레이티드,63 
2020-11-02,카길애그리퓨리나,73 
2020-11-02,정암산업,132 
2020-11-02,하나테크제1공장,47 
2020-11-02,하나테크제2공장,11 
2020-11-02,김해자동차정비,23 
2020-11-02,기아오토큐,22 
2020-11-02,sm테크,14 
2020-11-02,천우테크,12 
2020-11-03,고려산기,43 
2020-11-03,우진정밀,34 
2020-11-03,하이록단조,24 
2020-11-03,경진테크,20 
2020-11-03,재호테크,39 
2020-11-03,hk금속,30 
2020-11-03,문스틸,8 
2020-11-03,금광테크,47 
2020-11-03,개인,10 
2020-11-04,네오텍,14 
2020-11-04,자운축산,37 
2020-11-04,터보링크,13 
2020-11-04,하나테크제1공장,19 
2020-11-04,신일정공,11 
2020-11-04,르노삼성,48 
2020-11-04,흥일기업,31 
2020-11-04,개인,3 
2020-11-04,개인,2 
2020-11-06,개인,5 
2020-11-06,개인,6 
2020-11-06,개인,11 
2020-11-06,에스더블유밸브,21 
2020-11-09,삼보코퍼레이티드,57 
2020-11-09,카길애그리퓨리나,89 
2020-11-09,하나테크제1공장,39 
2020-11-09,하나테크제2공장,8 
2020-11-09,정암산업,94 
2020-11-09,기아오토큐,12 
2020-11-09,김해자동차정비,22 
2020-11-09,sm테크,22 
2020-11-09,천우테크,9 
2020-11-09,개인,4 
2020-11-09,개인,6 
2020-11-10,한국실린더테크,72 
2020-11-10,고려산기,27 
2020-11-10,우진정밀,32 
2020-11-10,TSM,40 
2020-11-10,경진테크,14 
2020-11-10,재호테크,13 
2020-11-10,HK금속,29 
2020-11-10,금광테크,51 
2020-11-10,개인,13 
2020-11-11,화남정밀,8 
2020-11-11,네오텍,8 
2020-11-11,자운축산,31 
2020-11-11,하나테크제1공장,22 
2020-11-11,하나테크제2공장,2 
2020-11-11,신일정공,11 
2020-11-11,르노삼성,61 
2020-11-11,흥일기업,30 
2020-11-12,개인,14 
2020-11-13,개인,6 
2020-11-16,AJ테크,21 
2020-11-16,기아오토큐,14 
2020-11-16,천우테크,10 
2020-11-16,김해자동차정비,25 
2020-11-16,sm테크,15 
2020-11-16,하나테크제1공장,39 
2020-11-16,하나테크제2공장,10 
2020-11-16,카길애그리퓨리나,77 
2020-11-16,삼보코퍼레이티드,58 
2020-11-16,정암산업,130 
2020-11-16,개인,7 
2020-11-16,개인,6 
2020-11-17,한국실린더테크,31 
2020-11-17,고려산기,39 
2020-11-17,우진정밀,35 
2020-11-17,우진기어,6 
2020-11-17,hk금속,29 
2020-11-17,재호테크,19 
2020-11-17,금광테크,49 
2020-11-17,개인,2 
2020-11-18,네오텍,17 
2020-11-18,화남정밀,5 
2020-11-18,TSM,26 
2020-11-18,자운축산,30 
2020-11-18,하나테크제1공장,9 
2020-11-18,신일정공,11 
2020-11-18,르노삼성,62 
2020-11-18,흥일기업,36 
2020-11-18,개인,4 
2020-11-19,개인,7 
2020-11-23,정암산업,123 
2020-11-23,삼보코퍼레이티드,57 
2020-11-23,카길애그리퓨리나,84 
2020-11-23,터보링크,19 
2020-11-23,하나테크제1공장,46 
2020-11-23,하나테크제2공장,8 
2020-11-23,김해자동차정비,23 
2020-11-23,sm테크,9 
2020-11-23,기아오토큐,13 
2020-11-23,천우테크,13 
2020-11-23,개인,2 
2020-11-23,개인,6 
2020-11-24,한국실린더테크,35 
2020-11-24,우진정밀,37 
2020-11-24,고려산기,53 
2020-11-24,TSM,15 
2020-11-24,재호테크,34 
2020-11-24,HK금속,31 
2020-11-24,문스틸,4 
2020-11-24,금광테크,49 
2020-11-24,개인,3 
2020-11-24,개인,3 
2020-11-24,기오오토큐(남해점),27 
2020-11-25,네오텍,22 
2020-11-25,화남정밀,8 
2020-11-25,자운축산,28 
2020-11-25,하나테크제1공장,16 
2020-11-25,하나테크제2공장,2 
2020-11-25,신일정공,4 
2020-11-25,르노삼성,62 
2020-11-25,흥일기업,33 
2020-11-25,개인,36 
2020-11-25,개인,6 
2020-11-25,개인,6 
2020-11-25,개인,14 
2020-11-26,개인,3 
2020-11-27,성일테크,30 
2020-11-30,sm테크,16 
2020-11-30,김해자동차정비,33 
2020-11-30,기아오토큐,7 
2020-11-30,천우테크,17 
2020-11-30,카길애그리퓨리나,83 
2020-11-30,삼보코퍼레이티드,59 
2020-11-30,정암산업,145 
2020-11-30,하나테크제1공장,42 
2020-11-30,하나테크제2공장,8 
2020-11-30,개인,2 
2020-12-01,한국실린더테크,37 
2020-12-01,고려산기,57 
2020-12-01,우진정밀,34 
2020-12-01,tsm,28 
2020-12-01,재호테크,37 
2020-12-01,hk금속,28 
2020-12-01,문스틸,3 
2020-12-01,금광테크,61 
2020-12-01,개인,3 
2020-12-01,개인,4 
2020-12-02,네오텍,24 
2020-12-02,자운축산,22 
2020-12-02,우진기어,11 
2020-12-02,하나테크제1공장,25 
2020-12-02,신일정공,3 
2020-12-02,르노삼성,57 
2020-12-02,흥일기업,31 
2020-12-02,개인,2 
2020-12-07,삼보코퍼레이티드,59 
2020-12-07,카길애그리퓨리나,84 
2020-12-07,정암산업,75 
2020-12-07,기아오토큐,6 
2020-12-07,김해자동차정비,24 
2020-12-07,하나테크제1공장,34 
2020-12-07,하나테크제2공장,7 
2020-12-07,sm테크,14 
2020-12-07,천우테크,10 
2020-12-07,개인,4 
2020-12-07,개인,7 
2020-12-07,개인,8 
2020-12-07,개인,4 
2020-12-08,한국실린더테크,26 
2020-12-08,우진정밀,35 
2020-12-08,고려산기,44 
2020-12-08,tsm,30 
2020-12-08,하이록단조,15 
2020-12-08,재호테크,49 
2020-12-08,hk금속,31 
2020-12-08,문스틸,3 
2020-12-08,금광테크,53 
2020-12-08,개인,4 
2020-12-08,개인,6 
2020-12-08,개인,3 
2020-12-09,한경뚷,19 
2020-12-09,자운축산,21 
2020-12-09,네오텍,15 
2020-12-09,화남정밀,7 
2020-12-09,하나테크제1공장,15 
2020-12-09,하나테크제2공장,2 
2020-12-09,신일정공,5 
2020-12-09,르노삼성,53 
2020-12-09,흥일기업,32 
2020-12-10,터보링크,18 
2020-12-11,동우기계,28 
2020-12-14,삼보코퍼레이티드,51 
2020-12-14,카길애그리퓨리나,75 
2020-12-14,정암산업,92 
2020-12-14,기아오토큐,15 
2020-12-14,김해자동차정비,22 
2020-12-14,하나테크제1공장,44 
2020-12-14,하나테크제2공장,9 
2020-12-14,sm테크,13 
2020-12-14,천우테크,6 
2020-12-14,개인,6 
2020-12-15,행성,16 
2020-12-15,한국실린더테크,34 
2020-12-15,우진정밀,24 
2020-12-15,고려산기,35 
2020-12-15,재호테크,29 
2020-12-15,tsm,28 
2020-12-15,hk금속,31 
2020-12-15,문스틸,6 
2020-12-15,금광테크,47 
2020-12-16,화남정밀,7 
2020-12-16,네오텍,18 
2020-12-16,우진기어,11 
2020-12-16,신일정공,10 
2020-12-16,르노삼성,66 
2020-12-16,흥일기업,24 
2020-12-16,개인,4 
2020-12-16,개인,12 
2020-12-16,개인,4 
2020-12-16,개인,4 
2020-12-17,하나테크제1공장,21 
2020-12-17,하나테크제2공장,8 
2020-12-17,자운축산,21 
2020-12-18,개인,4 
2020-12-18,개인,29 
2020-12-18,개인,2 
2020-12-21,카길애그리퓨리나,74 
2020-12-21,삼보코퍼레이티드,58 
2020-12-21,정암산업,101 
2020-12-21,기아오토큐,10 
2020-12-21,하나테크제1공장,34 
2020-12-21,하나테크제2공장,10 
2020-12-21,sm테크,15 
2020-12-21,김해자동차정비,15 
2020-12-21,천우테크,19 
2020-12-21,영창로보테크,50 
2020-12-21,개인,6 
2020-12-21,개인,4 
2020-12-22,한국실린더테크,43 
2020-12-22,고려산기,48 
2020-12-22,hk금속,30 
2020-12-22,tsm,18 
2020-12-22,재호테크,18 
2020-12-22,터보링크,13 
2020-12-22,문스틸,7 
2020-12-22,금광테크,40 
2020-12-22,개인,6 
2020-12-22,개인,9 
2020-12-22,개인,7 
2020-12-22,개인,6 
2020-12-23,네오텍,20 
2020-12-23,자운축산,26 
2020-12-23,하나테크제1공장,9 
2020-12-23,하나테크제2공장,2 
2020-12-23,신일정공,6 
2020-12-23,르노삼성,43 
2020-12-23,흥일기업,25 
2020-12-23,개인,2 
2020-12-23,개인,8 
2020-12-23,개인,24 
2020-12-24,개인,6 
2020-12-28,삼보코퍼레이티드,50 
2020-12-28,카길애그리퓨리나,66 
2020-12-28,정암산업,84 
2020-12-28,기아오토큐,9 
2020-12-28,하나테크제1공장,44 
2020-12-28,하나테크제2공장,7 
2020-12-28,sm테크,15 
2020-12-28,김해자동차정비,23 
2020-12-28,천우테크,9 
2020-12-28,개인,9 
2020-12-28,개인,3 
2020-12-28,개인,2 
2020-12-28,개인,2 
2020-12-29,한국실린더테크,13 
2020-12-29,고려산기,33 
2020-12-29,tsm,28 
2020-12-29,성일테크,29 
2020-12-29,재호테크,41 
2020-12-29,hk금속,31 
2020-12-29,문스틸,6 
2020-12-29,금광테크,35 
2020-12-29,개인,2 
2020-12-29,개인,4 
2020-12-29,개인,4 
2020-12-30,네오텍,8 
2020-12-30,화남정밀,8 
2020-12-30,자운축산,19 
2020-12-30,하나테크제1공장,16 
2020-12-30,르노삼성,49 
2020-12-30,흥일기업,12 
2020-12-30,개인,1 
2020-12-30,개인,1 
2020-12-30,개인,16 
2020-12-31,개인,4 
2020-12-31,개인,3 
2021-01-04,정암산업,81 
2021-01-04,기아오토큐장유점,10 
2021-01-04,카길애그리퓨리나,65 
2021-01-04,삼보코퍼레이티드,48 
2021-01-04,하나테크제1공장,42 
2021-01-04,하나테크제2공장,11 
2021-01-04,김해자동차정비,18 
2021-01-04,SM테크,12 
2021-01-04,천우테크,10 
2021-01-04,개인,1 
2021-01-04,개인,141 
2021-01-05,우진정밀,36 
2021-01-05,한국실린더테크,19 
2021-01-05,성일테크,7 
2021-01-05,우진기어,12 
2021-01-05,티에스엠,16 
2021-01-05,고려산기,47 
2021-01-05,에이치케이금속,23 
2021-01-05,재호테크,29 
2021-01-05,금광테크,46 
2021-01-05,개인,3 
2021-01-05,문스틸,6 
2021-01-06,네오텍,14 
2021-01-06,자운축산,26 
2021-01-06,하나테크제1공장,24 
2021-01-06,하나테크제2공장,9 
2021-01-06,신일정공,6 
2021-01-06,르노삼성,34 
2021-01-06,흥일기업,24 
2021-01-06,개인,9 
2021-01-07,개인,2 
2021-01-08,개인,2 
2021-01-08,개인,9 
2021-01-11,삼보코퍼레이티드,44 
2021-01-11,카길애그리퓨리나,84 
2021-01-11,김해자동차정비,18 
2021-01-11,기아오토큐장유점,9 
2021-01-11,SM테크,13 
2021-01-11,하나테크제1공장,57 
2021-01-11,하나테크제2공장,7 
2021-01-11,정암산업,92 
2021-01-11,천우테크,17 
2021-01-11,개인,10 
2021-01-11,개인,6 
2021-01-11,개인,6 
2021-01-12,한국실린더테크,22 
2021-01-12,우진정밀,24 
2021-01-12,고려산기,43 
2021-01-12,성일테크,4 
2021-01-12,티에스엠,25 
2021-01-12,재호테크,26 
2021-01-12,에이치케이금속,29 
2021-01-12,문스틸,6 
2021-01-12,금광테크,33 
2021-01-12,개인,33 
2021-01-12,개인,1 
2021-01-12,개인,9 
2021-01-12,개인,10 
2021-01-12,개인,35 
2021-01-12,개인,3 
2021-01-12,개인,5 
2021-01-13,부경식품,24 
2021-01-13,자운축산,24 
2021-01-13,르노삼성,33 
2021-01-13,하나테크제1공장,12 
2021-01-13,네오텍,10 
2021-01-13,흥일기업,13 
2021-01-13,신일정공,10 
2021-01-13,개인,3 
2021-01-13,개인,5 
2021-01-13,개인,10 
2021-01-14,개인,6 
2021-01-14,개인,3 
2021-01-14,개인,6 
2021-01-14,개인,9 
2021-01-15,개인,2 
2021-01-15,개인,10 
2021-01-18,정암산업,100 
2021-01-18,삼보코퍼레이티드,48 
2021-01-18,카길애그리퓨리나,76 
2021-01-18,터보링크,12 
2021-01-18,하이록단조,11 
2021-01-18,기아오토큐장유점,15 
2021-01-18,하나테크제1공장,57 
2021-01-18,하나테크제2공장,10 
2021-01-18,김해자동차정비,24 
2021-01-18,SM테크,16 
2021-01-18,천우테크,8 
2021-01-18,개인,2 
2021-01-19,금광테크,38 
2021-01-19,문스틸,8 
2021-01-19,에이제이테크,11 
2021-01-19,에이치케이금속,29 
2021-01-19,재호테크,24 
2021-01-19,티에스엠,27 
2021-01-19,성일테크,7 
2021-01-19,우진정밀,29 
2021-01-19,고려산기,64 
2021-01-19,한국실린더테크,36 
2021-01-19,개인,4 
2021-01-19,개인,10 
2021-01-19,개인,2 
2021-01-19,개인,2 
2021-01-20,우진기어,18 
2021-01-20,르노삼성,42 
2021-01-20,자운축산,24 
2021-01-20,하나테크제1공장,19 
2021-01-20,하나테크제2공장,2 
2021-01-20,화남정밀,18 
2021-01-20,네오텍,23 
2021-01-20,흥일기업,27 
2021-01-21,개인,3 
2021-01-21,개인,3 
2021-01-21,개인,14 
2021-01-21,개인,3 
2021-01-21,개인,5 
2021-01-21,개인,5 
2021-01-22,개인,17 
2021-01-22,개인,8 
2021-01-25,정암산업,115 
2021-01-25,삼보코퍼레이티드,44 
2021-01-25,카길애그리퓨리나,68 
2021-01-25,기아오토큐장유점,10 
2021-01-25,김해자동차정비,20 
2021-01-25,SM테크,12 
2021-01-25,천우테크,15 
2021-01-25,하나테크제1공장,54 
2021-01-25,하나테크제2공장,6 
2021-01-25,개인,13 
2021-01-25,개인,2 
2021-01-25,개인,5 
2021-01-25,개인,5 
2021-01-26,고려산기,42 
2021-01-26,우진정밀,37 
2021-01-26,한국실린더테크,37 
2021-01-26,문스틸,6 
2021-01-26,재호테크,26 
2021-01-26,티에스엠,31 
2021-01-26,성일테크,6 
2021-01-26,에이치케이금속,31 
2021-01-26,금광테크,41 
2021-01-26,개인,3 
2021-01-26,개인,5 
2021-01-26,개인,6 
2021-01-26,개인,5 
2021-01-27,르노삼성,56 
2021-01-27,자운축산,24 
2021-01-27,하나테크제1공장,19 
2021-01-27,하나테크제2공장,4 
2021-01-27,기아오토큐동상점,17 
2021-01-27,신일정공,10 
2021-01-27,흥일기업,17 
2021-01-27,동우기계,21 
2021-01-27,네오텍,15 
2021-01-27,개인,10 
2021-01-27,개인,3 
2021-01-27,개인,5 
2021-01-27,개인,2 
2021-01-28,개인,4 
2021-01-28,개인,6 
2021-01-29,기아오토큐동상점,16 
2021-01-29,개인,8 
2021-01-29,개인,9 
2021-02-01,정암산업,85 
2021-02-01,카길애그리퓨리나,90 
2021-02-01,삼보코퍼레이티드,48 
2021-02-01,기아오토큐장유점,13 
2021-02-01,김해자동차정비,17 
2021-02-01,SM테크,11 
2021-02-01,천우테크,11 
2021-02-01,하나테크제1공장,48 
2021-02-01,하나테크제2공장,10 
2021-02-01,개인,4 
2021-02-01,개인,12 
2021-02-01,개인,6 
2021-02-02,고려산기,51 
2021-02-02,우진정밀,25 
2021-02-02,한국실린더테크,31 
2021-02-02,성일테크,10 
2021-02-02,재호테크,30 
2021-02-02,에이치케이금속,26 
2021-02-02,티에스엠,29 
2021-02-02,금광테크,50 
2021-02-02,문스틸,4 
2021-02-02,개인,2 
2021-02-02,개인,4 
2021-02-02,개인,6 
2021-02-03,우진기어,10 
2021-02-03,자운축산,55 
2021-02-03,하나테크제1공장,28 
2021-02-03,화남정밀,10 
2021-02-03,신일정공,9 
2021-02-03,기아오토큐동상점,21 
2021-02-03,르노삼성,36 
2021-02-03,흥일기업,26 
2021-02-03,네오텍,7 
2021-02-03,개인,2 
2021-02-03,개인,3 
2021-02-03,개인,10 
2021-02-04,터보링크,11 
2021-02-04,개인,16 
2021-02-04,개인,6 
2021-02-05,기아오토큐동상점,17 
2021-02-05,개인,3 
2021-02-05,개인,5 
2021-02-05,개인,2 
2021-02-05,개인,13 
2021-02-05,개인,4 
2021-02-08,정암산업,97 
2021-02-08,카길애그리퓨리나,72 
2021-02-08,삼보코퍼레이티드,39 
2021-02-08,기아오토큐장유점,10 
2021-02-08,김해자동차정비,17 
2021-02-08,SM테크,26 
2021-02-08,하나테크제1공장,50 
2021-02-08,하나테크제2공장,5 
2021-02-08,천우테크,5 
2021-02-08,개인,6 
2021-02-08,개인,7 
2021-02-08,개인,16 
2021-02-09,자운축산,24 
2021-02-09,고려산기,35 
2021-02-09,한국실린더테크,19 
2021-02-09,재호테크,29 
2021-02-09,에이치케이금속,29 
2021-02-09,티에스엠,29 
2021-02-09,성일테크,7 
2021-02-09,네오텍,15 
2021-02-09,르노삼성,44 
2021-02-09,기아오토큐동상점,18 
2021-02-09,금광테크,39 
2021-02-09,개인,14 
2021-02-09,개인,11 
2021-02-09,개인,2 
2021-02-09,개인,2 
2021-02-10,개인,2 
2021-02-10,개인,2 
2021-02-15,정암산업,50 
2021-02-15,카길애그리퓨리나,55 
2021-02-15,삼보코퍼레이티드,45 
2021-02-15,기아오토큐장유점,10 
2021-02-15,하나테크제1공장,47 
2021-02-15,하나테크제2공장,8 
2021-02-15,천우테크,12 
2021-02-15,SM테크,13 
2021-02-15,김해자동차정비,11 
2021-02-15,개인,3 
2021-02-16,우진정밀,30 
2021-02-16,고려산기,37 
2021-02-16,한국실린더테크,23 
2021-02-16,문스틸,4 
2021-02-16,티에스엠,25 
2021-02-16,재호테크,27 
2021-02-16,우진기어,9 
2021-02-16,성일테크,5 
2021-02-16,에이치케이금속,24 
2021-02-16,하이록단조,14 
2021-02-16,금광테크,27 
2021-02-16,개인,6 
2021-02-16,개인,21 
2021-02-17,부경식품,68 
2021-02-17,자운축산,29 
2021-02-17,르노삼성,41 
2021-02-17,하나테크제1공장,23 
2021-02-17,기아오토큐동상점,29 
2021-02-17,화남정밀,17 
2021-02-17,흥일기업,21 
2021-02-17,신일정공,6 
2021-02-17,개인,2 
2021-02-17,개인,7 
2021-02-17,개인,5 
2021-02-18,개인,1 
2021-02-19,기아오토큐동상점,7 
2021-02-19,개인,28 
2021-02-22,정암산업,73 
2021-02-22,삼보코퍼레이티드,40 
2021-02-22,카길애그리퓨리나,72 
2021-02-22,기아오토큐장유점,10 
2021-02-22,SM테크,17 
2021-02-22,천우테크,6 
2021-02-22,하나테크제1공장,58 
2021-02-22,하나테크제2공장,5 
2021-02-22,김해자동차정비,21 
2021-02-22,개인,5 
2021-02-22,개인,3 
2021-02-22,개인,4 
2021-02-22,개인,8 
2021-02-22,개인,4 
2021-02-22,개인,3 
2021-02-23,고려산기,43 
2021-02-23,우진정밀,34 
2021-02-23,한국실린더테크,50 
2021-02-23,티에스엠,28 
2021-02-23,에이치케이금속,34 
2021-02-23,성일테크,9 
2021-02-23,금광테크,40 
2021-02-23,재호테크,25 
2021-02-23,문스틸,6 
2021-02-24,흥일기업,28 
2021-02-24,자운축산,25 
2021-02-24,하나테크제1공장,20 
2021-02-24,하나테크제2공장,4 
2021-02-24,신일정공,6 
2021-02-24,르노삼성,43 
2021-02-24,기아오토큐동상점,19 
2021-02-24,터보링크,12 
2021-02-24,화남정밀,5 
2021-02-24,네오텍,30 
2021-02-24,개인,6 
2021-02-24,개인,9 
2021-02-24,개인,9 
2021-02-25,우진기어,13 
2021-02-25,개인,1 
2021-02-25,개인,2 
2021-02-26,기아오토큐동상점,5 
2021-02-26,개인,3 
2021-02-26,개인,5 
2021-02-26,개인,6 
2021-03-02,정암산업,115 
2021-03-02,삼보코퍼레이티드,45 
2021-03-02,기아오토큐장유점,6 
2021-03-02,카길애그리퓨리나,80 
2021-03-02,하나테크제1공장,59 
2021-03-02,하나테크제2공장,5 
2021-03-02,천우테크,12 
2021-03-02,SM테크,14 
2021-03-02,김해자동차정비,21 
2021-03-02,개인,3 
2021-03-02,개인,2 
2021-03-03,우진정밀,26 
2021-03-03,한국실린더테크,39 
2021-03-03,고려산기,38 
2021-03-03,에이치케이금속,31 
2021-03-03,성일테크,4 
2021-03-03,재호테크,31 
2021-03-03,티에스엠,29 
2021-03-03,문스틸,4 
2021-03-03,금광테크,53 
2021-03-03,개인,3 
2021-03-03,개인,6 
2021-03-03,개인,9 
2021-03-03,개인,11 
2021-03-04,자운축산,24 
2021-03-04,르노삼성,54 
2021-03-04,하나테크제1공장,15 
2021-03-04,기아오토큐동상점,22 
2021-03-04,신일정공,9 
2021-03-04,흥일기업,22 
2021-03-04,화남정밀,10 
2021-03-04,네오텍,10 
2021-03-04,개인,2 
2021-03-04,개인,3 
2021-03-05,개인,1 
2021-03-08,정암산업,79 
2021-03-08,삼보코퍼레이티드,61 
2021-03-08,기아오토큐장유점,10 
2021-03-08,카길애그리퓨리나,79 
2021-03-08,하나테크제1공장,48 
2021-03-08,하나테크제2공장,10 
2021-03-08,SM테크,15 
2021-03-08,김해자동차정비,21 
2021-03-08,천우테크,10 
2021-03-08,개인,1 
2021-03-08,개인,1 
2021-03-08,개인,8 
2021-03-08,개인,6 
2021-03-08,개인,6 
2021-03-08,개인,3 
2021-03-09,한국실린더테크,40 
2021-03-09,고려산기,52 
2021-03-09,우진정밀,24 
2021-03-09,우진기어,12 
2021-03-09,티에스엠,27 
2021-03-09,재호테크,30 
2021-03-09,성일테크,10 
2021-03-09,에이치케이금속,30 
2021-03-09,문스틸,3 
2021-03-09,금광테크,40 
2021-03-09,개인,9 
2021-03-09,개인,2 
2021-03-10,자운축산,25 
2021-03-10,르노삼성,48 
2021-03-10,하나테크제1공장,27 
2021-03-10,네오텍,12 
2021-03-10,흥일기업,29 
2021-03-10,신일정공,7 
2021-03-10,기아오토큐동상점,36 
2021-03-10,개인,2 
2021-03-10,개인,2 
2021-03-11,개인,7 
2021-03-12,기아오토큐동상점,10 
2021-03-12,개인,25 
2021-03-15,정암산업,90 
2021-03-15,기아오토큐장유점,9 
2021-03-15,카길애그리퓨리나,96 
2021-03-15,삼보코퍼레이티드,50 
2021-03-15,김해자동차정비,23 
2021-03-15,SM테크,17 
2021-03-15,하나테크제1공장,52 
2021-03-15,하나테크제2공장,6 
2021-03-15,천우테크,11 
2021-03-15,개인,9 
2021-03-15,개인,2 
2021-03-16,고려산기,49 
2021-03-16,우진정밀,31 
2021-03-16,한국실린더테크,60 
2021-03-16,에이치케이금속,29 
2021-03-16,티에스엠,24 
2021-03-16,재호테크,26 
2021-03-16,문스틸,10 
2021-03-16,성일테크,7 
2021-03-16,금광테크,41 
2021-03-16,개인,4 
2021-03-16,개인,10 
2021-03-16,개인,24 
2021-03-17,터보링크,20 
2021-03-17,성일테크,2 
2021-03-17,자운축산,22 
2021-03-17,르노삼성,41 
2021-03-17,하나테크제1공장,25 
2021-03-17,기아오토큐동상점,36 
2021-03-17,신일정공,7 
2021-03-17,흥일기업,21 
2021-03-17,네오텍,15 
2021-03-18,개인,2 
2021-03-18,개인,10 
2021-03-18,개인,8 
2021-03-19,기아오토큐동상점,12 
2021-03-19,토탈엔지니어링,19 
2021-03-19,동우기계,28 
2021-03-19,개인,5 
2021-03-19,개인,4 
2021-03-19,개인,9 
2021-03-22,정암산업,87 
2021-03-22,카길애그리퓨리나,67 
2021-03-22,삼보코퍼레이티드,54 
2021-03-22,기아오토큐장유점,15 
2021-03-22,천우테크,6 
2021-03-22,SM테크,24 
2021-03-22,김해자동차정비,16 
2021-03-22,하나테크제1공장,59 
2021-03-22,하나테크제2공장,9 
2021-03-22,개인,11 
2021-03-22,개인,2 
2021-03-22,개인,6 
2021-03-22,개인,6 
2021-03-23,고려산기,42 
2021-03-23,우진정밀,32 
2021-03-23,한국실린더테크,45 
2021-03-23,아이테크,29 
2021-03-23,재호테크,32 
2021-03-23,성일테크,10 
2021-03-23,에이치케이금속,34 
2021-03-23,티에스엠,26 
2021-03-23,우진기어,14 
2021-03-23,금광테크,51 
2021-03-23,문스틸,8 
2021-03-23,개인,2 
2021-03-24,자운축산,28 
2021-03-24,하나테크제1공장,25 
2021-03-24,신일정공,8 
2021-03-24,르노삼성,46 
2021-03-24,흥일기업,19 
2021-03-24,기아오토큐동상점,29 
2021-03-24,개인,7 
2021-03-24,개인,4 
2021-03-24,개인,21 
2021-03-25,개인,4 
2021-03-25,개인,5 
2021-03-26,기아오토큐동상점,9 
2021-03-26,개인,17 
2021-03-26,개인,1 
2021-03-29,정암산업,120 
2021-03-29,기아오토큐장유점,10 
2021-03-29,카길애그리퓨리나,76 
2021-03-29,삼보코퍼레이티드,53 
2021-03-29,천우테크,15 
2021-03-29,김해자동차정비,23 
2021-03-29,SM테크,19 
2021-03-29,하나테크제1공장,55 
2021-03-29,하나테크제2공장,9 
2021-03-29,개인,18 
2021-03-29,개인,10 
2021-03-29,개인,4 
2021-03-30,고려밴딩,30 
2021-03-30,우진정밀,39 
2021-03-30,고려산기,39 
2021-03-30,한국실린더테크,47 
2021-03-30,재호테크,28 
2021-03-30,성일테크,10 
2021-03-30,티에스엠,26 
2021-03-30,에이치케이금속,33 
2021-03-30,화남정밀,18 
2021-03-30,금광테크,49 
2021-03-30,문스틸,10 
2021-03-30,개인,14 
2021-03-30,개인,6 
2021-03-30,개인,2 
2021-03-31,하나테크제1공장,22 
2021-03-31,터보링크,13 
2021-03-31,자운축산,29 
2021-03-31,르노삼성,51 
2021-03-31,흥일기업,14 
2021-03-31,기아오토큐동상점,23 
2021-03-31,신일정공,5 
2021-03-31,개인,11 
2021-03-31,개인,7 
2021-04-01,개인,3 
2021-04-01,개인,6 
2021-04-01,개인,2 
2021-04-01,개인,8 
2021-04-02,기아오토큐동상점,11 
2021-04-02,개인,3 
2021-04-02,개인,2 
2021-04-02,개인,8 
2021-04-02,개인,3 
2021-04-05,진현,28 
2021-04-05,정암산업,124 
2021-04-05,기아오토큐장유점,12 
2021-04-05,삼보코퍼레이티드,51 
2021-04-05,카길애그리퓨리나,81 
2021-04-05,천우테크,10 
2021-04-05,SM테크,15 
2021-04-05,김해자동차정비,27 
2021-04-05,하나테크제1공장,65 
2021-04-05,하나테크제2공장,10 
2021-04-05,개인,9 
2021-04-05,개인,6 
2021-04-05,개인,6 
2021-04-05,개인,8 
2021-04-06,우진정밀,31 
2021-04-06,고려산기,34 
2021-04-06,한국실린더테크,35 
2021-04-06,문스틸,6 
2021-04-06,금광테크,47 
2021-04-06,우진기어,18 
2021-04-06,티에스엠,15 
2021-04-06,재호테크,25 
2021-04-06,에이치케이금속,27 
2021-04-06,협성렌탈,3 
2021-04-06,개인,8 
2021-04-07,자운축산,29 
2021-04-07,르노삼성,43 
2021-04-07,하나테크제1공장,21 
2021-04-07,기아오토큐동상점,22 
2021-04-07,흥일기업,13 
2021-04-07,신일정공,13 
2021-04-07,화남정밀,4 
2021-04-07,협성렌탈,2 
2021-04-07,개인,6 
2021-04-08,개인,9 
2021-04-08,개인,10 
2021-04-08,개인,10 
2021-04-09,기아오토큐동상점,12 
2021-04-09,태일정공(정국진),12 
2021-04-09,개인,30 
2021-04-09,개인,2 
2021-04-12,정암산업,92 
2021-04-12,기아오토큐장유점,6 
2021-04-12,삼보코퍼레이티드,45 
2021-04-12,카길애그리퓨리나,76 
2021-04-12,하나테크제1공장,50 
2021-04-12,하나테크제2공장,6 
2021-04-12,김해자동차정비,20 
2021-04-12,SM테크,18 
2021-04-12,천우테크,10 
2021-04-12,개인,6 
2021-04-13,한국실린더테크,41 
2021-04-13,우진정밀,30 
2021-04-13,고려산기,38 
2021-04-13,에이치케이금속,25 
2021-04-13,재호테크,23 
2021-04-13,티에스엠,22 
2021-04-13,성일테크,8 
2021-04-13,금광테크,45 
2021-04-13,문스틸,9 
2021-04-13,개인,4 
2021-04-13,개인,2 
2021-04-13,개인,32 
2021-04-13,개인,15 
2021-04-13,개인,3 
2021-04-14,르노삼성,46 
2021-04-14,자운축산,34 
2021-04-14,흥일기업,23 
2021-04-14,하나테크제1공장,25 
2021-04-14,하나테크제2공장,2 
2021-04-14,터보링크,11 
2021-04-14,기아오토큐동상점,19 
2021-04-14,개인,12 
2021-04-14,개인,16 
2021-04-14,개인,4 
2021-04-14,개인,3 
2021-04-14,개인,15 
2021-04-15,개인,3 
2021-04-15,개인,4 
2021-04-15,개인,3 
2021-04-16,삼우,4 
2021-04-16,기아오토큐동상점,11 
2021-04-16,개인,2 
2021-04-19,기아오토큐장유점,11 
2021-04-19,정암산업,83 
2021-04-19,삼보코퍼레이티드,48 
2021-04-19,카길애그리퓨리나,67 
2021-04-19,김해자동차정비,18 
2021-04-19,천우테크,9 
2021-04-19,하나테크제1공장,66 
2021-04-19,하나테크제2공장,10 
2021-04-19,SM테크,18 
2021-04-19,개인,4 
2021-04-19,개인,2 
2021-04-19,개인,5 
2021-04-19,개인,6 
2021-04-20,삼우,9 
2021-04-20,진현,31 
2021-04-20,우진정밀,31 
2021-04-20,고려산기,35 
2021-04-20,한국실린더테크,43 
2021-04-20,성일테크,7 
2021-04-20,문스틸,8 
2021-04-20,금광테크,38 
2021-04-20,우진기어,15 
2021-04-20,티에스엠,21 
2021-04-20,재호테크,12 
2021-04-20,에이치케이금속,37 
2021-04-20,개인,5 
2021-04-20,개인,5 
2021-04-20,개인,25 
2021-04-21,에이제이테크,8 
2021-04-21,우성기연,7 
2021-04-21,자운축산,29 
2021-04-21,르노삼성,47 
2021-04-21,하나테크제1공장,25 
2021-04-21,기아오토큐동상점,22 
2021-04-21,흥일기업,39 
2021-04-21,신일정공,6 
2021-04-21,개인,3 
2021-04-21,개인,21 
2021-04-21,개인,2 
2021-04-22,개인,5 
2021-04-22,개인,3 
2021-04-23,기아오토큐동상점,11 
2021-04-23,개인,5 
2021-04-23,개인,18 
2021-04-23,개인,3 
2021-04-23,개인,22 
2021-04-26,정암산업,83 
2021-04-26,기아오토큐장유점,13 
2021-04-26,삼보코퍼레이티드,52 
2021-04-26,카길애그리퓨리나,82 
2021-04-26,천우테크,15 
2021-04-26,SM테크,15 
2021-04-26,김해자동차정비,25 
2021-04-26,하나테크제1공장,54 
2021-04-26,하나테크제2공장,6 
2021-04-26,개인,14 
2021-04-26,개인,14 
2021-04-27,성일테크,9 
2021-04-27,티에스엠,25 
2021-04-27,재호테크,28 
2021-04-27,에이치케이금속,29 
2021-04-27,삼우,14 
2021-04-27,우진정밀,35 
2021-04-27,한국실린더테크,63 
2021-04-27,고려산기,24 
2021-04-27,문스틸,10 
2021-04-27,금광테크,48 
2021-04-28,터보링크,13 
2021-04-28,하나테크제1공장,24 
2021-04-28,하나테크제2공장,8 
2021-04-28,자운축산,40 
2021-04-28,르노삼성,48 
2021-04-28,기아오토큐동상점,19 
2021-04-28,흥일기업,26 
2021-04-28,신일정공,7 
2021-04-28,화남정밀,14 
2021-04-28,개인,6 
2021-04-29,개인,13 
2021-04-29,개인,6 
2021-04-29,개인,10 
2021-04-29,개인,7 
2021-04-30,기아오토큐동상점,11 
2021-04-30,개인,2 
2021-04-30,개인,16 
2021-05-03,정암산업,117 
2021-05-03,기아오토큐장유점,10 
2021-05-03,삼보코퍼레이티드,48 
2021-05-03,카길애그리퓨리나,70 
2021-05-03,천우테크,6 
2021-05-03,SM테크,17 
2021-05-03,김해자동차정비,27 
2021-05-03,하나테크제1공장,10 
2021-05-03,하나테크제2공장,51 
2021-05-03,개인,2 
2021-05-03,개인,6 
2021-05-03,개인,5 
2021-05-03,개인,10 
2021-05-03,개인,3 
2021-05-04,아이테크,10 
2021-05-04,삼우,17 
2021-05-04,진현,34 
2021-05-04,우진정밀,34 
2021-05-04,고려산기,40 
2021-05-04,한국실린더테크,55 
2021-05-04,성일테크,5 
2021-05-04,우진기어,10 
2021-05-04,티에스엠,18 
2021-05-04,재호테크,32 
2021-05-04,에이치케이금속,30 
2021-05-04,문스틸,9 
2021-05-04,금광테크,48 
2021-05-06,자운축산,36 
2021-05-06,하나테크제1공장,23 
2021-05-06,르노삼성,70 
2021-05-06,기아오토큐동상점,17 
2021-05-06,흥일기업,34 
2021-05-06,신일정공,11 
2021-05-06,개인,5 
2021-05-07,개인,14 
2021-05-07,개인,2 
2021-05-07,기아오토큐동상점,6 
2021-05-10,가람비엔에프,16 
2021-05-10,정암산업,104 
2021-05-10,기아오토큐장유점,7 
2021-05-10,삼보코퍼레이티드,54 
2021-05-10,카길애그리퓨리나,78 
2021-05-10,천우테크,6 
2021-05-10,SM테크,24 
2021-05-10,김해자동차정비,15 
2021-05-10,하나테크제1공장,61 
2021-05-10,하나테크제2공장,6 
2021-05-10,개인,3 
2021-05-10,개인,21 
2021-05-10,개인,6 
2021-05-11,터보링크,6 
2021-05-11,티에스엠,30 
2021-05-11,재호테크,41 
2021-05-11,에이치케이금속,30 
2021-05-11,삼우,9 
2021-05-11,우진정밀,21 
2021-05-11,고려산기,28 
2021-05-11,한국실린더테크,51 
2021-05-11,문스틸,9 
2021-05-11,금광테크,44 
2021-05-11,부경식품,28 
2021-05-11,협성렌탈,3 
2021-05-11,개인,3 
2021-05-12,진현,30 
2021-05-12,하나테크제1공장,29 
2021-05-12,하나테크제2공장,2 
2021-05-12,자운축산,34 
2021-05-12,르노삼성,38 
2021-05-12,기아오토큐동상점,23 
2021-05-12,흥일기업,31 
2021-05-12,신일정공,11 
2021-05-12,화남정밀,8 
2021-05-12,개인,3 
2021-05-12,개인,5 
2021-05-12,개인,11 
2021-05-12,개인,3 
2021-05-12,개인,3 
2021-05-12,개인,18 
2021-05-13,개인,9 
2021-05-13,개인,10 
2021-05-13,개인,2 
2021-05-13,개인,8 
2021-05-14,한경이엔지,24 
2021-05-14,기아오토큐동상점,11 
2021-05-14,개인,2 
2021-05-17,정암산업,79 
2021-05-17,기아오토큐장유점,15 
2021-05-17,삼보코퍼레이티드,59 
2021-05-17,카길애그리퓨리나,72 
2021-05-17,천우테크,13 
2021-05-17,SM테크,17 
2021-05-17,김해자동차정비,31 
2021-05-17,하나테크제1공장,64 
2021-05-17,하나테크제2공장,10 
2021-05-17,개인,5 
2021-05-17,개인,5 
2021-05-17,개인,6 
2021-05-17,개인,2 
2021-05-17,개인,21 
2021-05-18,대성테크닉스,15 
2021-05-18,아이테크,16 
2021-05-18,우진기어,14 
2021-05-18,삼우,8 
2021-05-18,진현,20 
2021-05-18,우진정밀,40 
2021-05-18,고려산기,52 
2021-05-18,한국실린더테크,61 
2021-05-18,성일테크,5 
2021-05-18,문스틸,6 
2021-05-18,금광테크,45 
2021-05-18,티에스엠,17 
2021-05-18,재호테크,29 
2021-05-18,에이치케이금속,37 
2021-05-18,개인,34 
2021-05-18,개인,10 
2021-05-20,화남정밀,13 
2021-05-20,자운축산,17 
2021-05-20,르노삼성,70 
2021-05-20,기아오토큐동상점,30 
2021-05-20,흥일기업,35 
2021-05-20,신일정공,5 
2021-05-20,개인,6 
2021-05-21,개인,6 
2021-05-21,개인,12 
2021-05-21,동우기계,29 
2021-05-21,개인,2 
2021-05-24,정암산업,87 
2021-05-24,기아오토큐장유점,7 
2021-05-24,삼보코퍼레이티드,51 
2021-05-24,카길애그리퓨리나,77 
2021-05-24,천우테크,9 
2021-05-24,SM테크,16 
2021-05-24,김해자동차정비,19 
2021-05-24,하나테크제1공장,86 
2021-05-24,하나테크제2공장,7 
2021-05-24,개인,8 
2021-05-24,개인,10 
2021-05-24,개인,7 
2021-05-24,개인,6 
2021-05-24,개인,7 
2021-05-25,성일테크,3 
2021-05-25,재호테크,47 
2021-05-25,티에스엠,19 
2021-05-25,에이치케이금속,28 
2021-05-25,진현,32 
2021-05-25,우진정밀,29 
2021-05-25,삼우,8 
2021-05-25,고려산기,47 
2021-05-25,한국실린더테크,46 
2021-05-25,금광테크,45 
2021-05-25,개인,14 
2021-05-26,터보링크,13 
2021-05-26,화남정밀,18 
2021-05-26,자운축산,40 
2021-05-26,하나테크제1공장,16 
2021-05-26,르노삼성,41 
2021-05-26,기아오토큐동상점,28 
2021-05-26,흥일기업,44 
2021-05-26,신일정공,10 
2021-05-27,에이제이테크,7 
2021-05-27,개인,14 
2021-05-27,개인,22 
2021-05-28,개인,5 
2021-05-28,부경식품,38 
2021-05-28,개인,2 
2021-05-28,개인,7 
2021-05-28,개인,2 
2021-05-28,개인,7 
2021-05-28,개인,8 
2021-05-28,기아오토큐동상점,14 
2021-05-31,에이제이테크,6 
2021-05-31,정암산업,94 
2021-05-31,기아오토큐장유점,16 
2021-05-31,삼보코퍼레이티드,55 
2021-05-31,카길애그리퓨리나,73 
2021-05-31,천우테크,12 
2021-05-31,SM테크,11 
2021-05-31,김해자동차정비,21 
2021-05-31,하나테크제2공장,11 
2021-05-31,하나테크제1공장,59 
2021-05-31,개인,3 
2021-05-31,개인,7 
2021-05-31,개인,19 
2021-05-31,개인,5 
2021-05-31,개인,6 
2021-05-31,개인,16 
2021-06-01,에이제이테크,4 
2021-06-01,하이록단조,13 
2021-06-01,우진기어,9 
2021-06-01,성일테크,6 
2021-06-01,재호테크,28 
2021-06-01,티에스엠,15 
2021-06-01,에이치케이금속,32 
2021-06-01,진현,19 
2021-06-01,우진정밀,39 
2021-06-01,삼우,7 
2021-06-01,고려산기,51 
2021-06-01,한국실린더테크,56 
2021-06-01,금광테크,41 
2021-06-01,개인,1 
2021-06-01,개인,5 
2021-06-01,개인,5 
2021-06-02,자운축산,37 
2021-06-02,하나테크제1공장,24 
2021-06-02,르노삼성,55 
2021-06-02,기아오토큐동상점,22 
2021-06-02,흥일기업,40 
2021-06-02,신일정공,12 
2021-06-02,개인,13 
2021-06-03,개인,5 
2021-06-03,개인,13 
2021-06-03,개인,6 
2021-06-03,개인,33 
2021-06-04,기아오토큐동상점,12 
2021-06-04,개인,4 
2021-06-04,개인,13 
2021-06-04,개인,2 
2021-06-04,개인,2 
2021-06-04,개인,8 
2021-06-07,에이제이테크,5 
2021-06-07,정암산업,108 
2021-06-07,기아오토큐장유점,16 
2021-06-07,삼보코퍼레이티드,56 
2021-06-07,카길애그리퓨리나,68 
2021-06-07,천우테크,11 
2021-06-07,SM테크,18 
2021-06-07,김해자동차정비,22 
2021-06-07,하나테크제2공장,8 
2021-06-07,하나테크제1공장,53 
2021-06-07,개인,7 
2021-06-07,개인,11 
2021-06-07,개인,5 
2021-06-07,개인,4 
2021-06-07,개인,9 
2021-06-08,혹스,38 
2021-06-08,성일테크,9 
2021-06-08,재호테크,32 
2021-06-08,티에스엠,14 
2021-06-08,에이치케이금속,29 
2021-06-08,우진정밀,28 
2021-06-08,삼우,12 
2021-06-08,고려산기,45 
2021-06-08,한국실린더테크,62 
2021-06-08,금광테크,51 
2021-06-08,개인,8 
2021-06-08,개인,10 
2021-06-08,개인,6 
2021-06-08,개인,9 
2021-06-09,진현,28 
2021-06-09,터보링크,10 
2021-06-09,자운축산,43 
2021-06-09,하나테크제1공장,22 
2021-06-09,르노삼성,49 
2021-06-09,기아오토큐동상점,17 
2021-06-09,흥일기업,37 
2021-06-09,신일정공,4 
2021-06-09,개인,5 
2021-06-09,개인,4 
2021-06-10,개인,7 
2021-06-11,기아오토큐동상점,8 
2021-06-11,개인,2 
2021-06-14,정암산업,111 
2021-06-14,기아오토큐장유점,10 
2021-06-14,삼보코퍼레이티드,66 
2021-06-14,카길애그리퓨리나,70 
2021-06-14,천우테크,14 
2021-06-14,SM테크,15 
2021-06-14,김해자동차정비,22 
2021-06-14,하나테크제1공장,57 
2021-06-14,하나테크제2공장,10 
2021-06-14,개인,6 
2021-06-14,개인,8 
2021-06-14,개인,4 
2021-06-15,우진기어,9 
2021-06-15,성일테크,4 
2021-06-15,재호테크,19 
2021-06-15,티에스엠,17 
2021-06-15,에이치케이금속,26 
2021-06-15,진현,24 
2021-06-15,우진정밀,38 
2021-06-15,삼우,9 
2021-06-15,고려산기,56 
2021-06-15,한국실린더테크,48 
2021-06-15,금광테크,43 
2021-06-15,개인,15 
2021-06-15,개인,8 
2021-06-16,자운축산,38 
2021-06-16,하나테크제1공장,13 
2021-06-16,르노삼성,81 
2021-06-16,기아오토큐동상점,23 
2021-06-16,흥일기업,47 
2021-06-16,신일정공,7 
2021-06-16,개인,8 
2021-06-16,개인,5 
2021-06-16,개인,26 
2021-06-17,개인,13 
2021-06-17,개인,2 
2021-06-17,개인,19 
2021-06-18,개인,4 
2021-06-18,개인,12 
2021-06-18,개인,2 
2021-06-18,기아오토큐동상점,11 
2021-06-21,에이제이테크,8 
2021-06-21,정암산업,125 
2021-06-21,기아오토큐장유점,16 
2021-06-21,삼보코퍼레이티드,54 
2021-06-21,카길애그리퓨리나,66 
2021-06-21,천우테크,12 
2021-06-21,SM테크,18 
2021-06-21,김해자동차정비,20 
2021-06-21,하나테크제1공장,49 
2021-06-21,하나테크제2공장,6 
2021-06-21,개인,10 
2021-06-21,개인,14 
2021-06-21,개인,11 
2021-06-21,개인,15 
2021-06-21,개인,14 
2021-06-21,개인,9 
2021-06-21,개인,10 
2021-06-22,세원금속,64 
2021-06-22,성일테크,10 
2021-06-22,재호테크,49 
2021-06-22,티에스엠,13 
2021-06-22,에이치케이금속,32 
2021-06-22,진현,14 
2021-06-22,우진정밀,29 
2021-06-22,삼우,10 
2021-06-22,고려산기,49 
2021-06-22,한국실린더테크,50 
2021-06-22,금광테크,50 
2021-06-22,개인,2 
2021-06-22,개인,9 
2021-06-22,개인,33 
2021-06-22,개인,8 
2021-06-22,개인,1 
2021-06-22,개인,25 
2021-06-22,개인,3 
2021-06-22,개인,4 
2021-06-23,터보링크,6 
2021-06-23,자운축산,40 
2021-06-23,하나테크제1공장,34 
2021-06-23,르노삼성,65 
2021-06-23,기아오토큐동상점,25 
2021-06-23,흥일기업,39 
2021-06-23,신일정공,14 
2021-06-23,개인,4 
2021-06-23,개인,7 
2021-06-23,개인,10 
2021-06-24,개인,21 
2021-06-24,개인,12 
2021-06-24,개인,10 
2021-06-25,개인,2 
2021-06-25,기아오토큐동상점,6 
2021-06-28,정암산업,129 
2021-06-28,기아오토큐장유점,17 
2021-06-28,삼보코퍼레이티드,54 
2021-06-28,카길애그리퓨리나,69 
2021-06-28,천우테크,15 
2021-06-28,SM테크,17 
2021-06-28,김해자동차정비,21 
2021-06-28,하나테크제1공장,51 
2021-06-28,하나테크제2공장,4 
2021-06-28,개인,22 
2021-06-28,개인,4 
2021-06-28,개인,4 
2021-06-29,성일테크,6 
2021-06-29,재호테크,21 
2021-06-29,티에스엠,19 
2021-06-29,에이치케이금속,39 
2021-06-29,진현,19 
2021-06-29,우진정밀,38 
2021-06-29,우진기어,19 
2021-06-29,고려산기,55 
2021-06-29,한국실린더테크,51 
2021-06-29,금광테크,36 
2021-06-29,개인,5 
2021-06-30,에이제이테크,8 
2021-06-30,하나테크제2공장,10 
2021-06-30,자운축산,35 
2021-06-30,하나테크제1공장,21 
2021-06-30,르노삼성,73 
2021-06-30,기아오토큐동상점,22 
2021-06-30,흥일기업,43 
2021-06-30,신일정공,10 
2021-06-30,개인,3 
2021-06-30,개인,5 
2021-06-30,개인,2 
